workload,variant,structure,n,time_ms,steps,moves,comparisons
W1,-,DynamicArray,100,0,363,10000,0,0
W1,-,MyLinkedList,100,0,769,253204,0,0
W1,-,DynamicArray,1000,0,084,10000,0,0
W1,-,MyLinkedList,1000,3,657,2492748,0,0
W1,-,DynamicArray,10000,0,084,10000,0,0
W1,-,MyLinkedList,10000,41,775,25118522,0,0
W1,-,DynamicArray,100000,0,097,10000,0,0
W1,-,MyLinkedList,100000,402,650,250540042,0,0
W2,-,DynamicArray,100,0,388,75861,0,75861
W2,-,MyLinkedList,100,0,213,151222,0,75861
W2,-,DynamicArray,1000,0,280,734862,0,734862
W2,-,MyLinkedList,1000,1,257,1469224,0,734862
W2,-,DynamicArray,10000,2,680,7520612,0,7520612
W2,-,MyLinkedList,10000,12,612,15040724,0,7520612
W2,-,DynamicArray,100000,26,594,74681441,0,74681441
W2,-,MyLinkedList,100000,129,420,149362382,0,74681441
W3,head,DynamicArray,100,1,150,201000,201000,0
W3,head,MyLinkedList,100,0,065,1000,5000,0
W3,middle,DynamicArray,100,0,357,101000,101000,0
W3,middle,MyLinkedList,100,0,174,100000,6000,0
W3,head,DynamicArray,1000,0,288,2001000,2001000,0
W3,head,MyLinkedList,1000,0,067,1000,5000,0
W3,middle,DynamicArray,1000,0,175,1001000,1001000,0
W3,middle,MyLinkedList,1000,1,579,1000000,6000,0
W3,head,DynamicArray,10000,2,505,20001000,20001000,0
W3,head,MyLinkedList,10000,0,013,1000,5000,0
W3,middle,DynamicArray,10000,1,244,10001000,10001000,0
W3,middle,MyLinkedList,10000,16,672,10000000,6000,0
W3,head,DynamicArray,100000,25,400,200001000,200001000,0
W3,head,MyLinkedList,100000,0,010,1000,5000,0
W3,middle,DynamicArray,100000,11,968,100001000,100001000,0
W3,middle,MyLinkedList,100000,158,157,100000000,6000,0
W4,-,MinHeap,100,0,063,2238,1263,1069
W4,-,MinHeap,1000,0,255,35644,19359,17322
W4,-,MinHeap,10000,0,916,488568,258979,239284
W4,-,MinHeap,100000,10,908,6218566,3257553,3059283
